Date,Close,Market_Close,lag_1,lag_2,lag_3,market_lag_1,market_lag_2,market_lag_3
2024-02-15,200.4499969482422,5029.72998046875,188.7100067138672,184.02000427246094,188.1300048828125,5000.6201171875,4953.169921875,5021.83984375
2024-02-16,199.9499969482422,5005.56982421875,200.4499969482422,188.7100067138672,184.02000427246094,5029.72998046875,5000.6201171875,4953.169921875
2024-02-20,193.75999450683594,4975.509765625,199.9499969482422,200.4499969482422,188.7100067138672,5005.56982421875,5029.72998046875,5000.6201171875
2024-02-21,194.77000427246094,4981.7998046875,193.75999450683594,199.9499969482422,200.4499969482422,4975.509765625,5005.56982421875,5029.72998046875
2024-02-22,197.41000366210938,5087.02978515625,194.77000427246094,193.75999450683594,199.9499969482422,4981.7998046875,4975.509765625,5005.56982421875
2024-02-23,191.97000122070312,5088.7998046875,197.41000366210938,194.77000427246094,193.75999450683594,5087.02978515625,4981.7998046875,4975.509765625
2024-02-26,199.39999389648438,5069.52978515625,191.97000122070312,197.41000366210938,194.77000427246094,5088.7998046875,5087.02978515625,4981.7998046875
2024-02-27,199.72999572753906,5078.18017578125,199.39999389648438,191.97000122070312,197.41000366210938,5069.52978515625,5088.7998046875,5087.02978515625
2024-02-28,202.0399932861328,5069.759765625,199.72999572753906,199.39999389648438,191.97000122070312,5078.18017578125,5069.52978515625,5088.7998046875
2024-02-29,201.8800048828125,5096.27001953125,202.0399932861328,199.72999572753906,199.39999389648438,5069.759765625,5078.18017578125,5069.52978515625
2024-03-01,202.63999938964844,5137.080078125,201.8800048828125,202.0399932861328,199.72999572753906,5096.27001953125,5069.759765625,5078.18017578125
2024-03-04,188.13999938964844,5130.9501953125,202.63999938964844,201.8800048828125,202.0399932861328,5137.080078125,5096.27001953125,5069.759765625
2024-03-05,180.74000549316406,5078.64990234375,188.13999938964844,202.63999938964844,201.8800048828125,5130.9501953125,5137.080078125,5096.27001953125
2024-03-06,176.5399932861328,5104.759765625,180.74000549316406,188.13999938964844,202.63999938964844,5078.64990234375,5130.9501953125,5137.080078125
2024-03-07,178.64999389648438,5157.35986328125,176.5399932861328,180.74000549316406,188.13999938964844,5104.759765625,5078.64990234375,5130.9501953125
2024-03-08,175.33999633789062,5123.68994140625,178.64999389648438,176.5399932861328,180.74000549316406,5157.35986328125,5104.759765625,5078.64990234375
2024-03-11,177.77000427246094,5117.93994140625,175.33999633789062,178.64999389648438,176.5399932861328,5123.68994140625,5157.35986328125,5104.759765625
2024-03-12,177.5399932861328,5175.27001953125,177.77000427246094,175.33999633789062,178.64999389648438,5117.93994140625,5123.68994140625,5157.35986328125
2024-03-13,169.47999572753906,5165.31005859375,177.5399932861328,177.77000427246094,175.33999633789062,5175.27001953125,5117.93994140625,5123.68994140625
2024-03-14,162.5,5150.47998046875,169.47999572753906,177.5399932861328,177.77000427246094,5165.31005859375,5175.27001953125,5117.93994140625
2024-03-15,163.57000732421875,5117.08984375,162.5,169.47999572753906,177.5399932861328,5150.47998046875,5165.31005859375,5175.27001953125
2024-03-18,173.8000030517578,5149.419921875,163.57000732421875,162.5,169.47999572753906,5117.08984375,5150.47998046875,5165.31005859375
2024-03-19,171.32000732421875,5178.509765625,173.8000030517578,163.57000732421875,162.5,5149.419921875,5117.08984375,5150.47998046875
2024-03-20,175.66000366210938,5224.6201171875,171.32000732421875,173.8000030517578,163.57000732421875,5178.509765625,5149.419921875,5117.08984375
2024-03-21,172.82000732421875,5241.52978515625,175.66000366210938,171.32000732421875,173.8000030517578,5224.6201171875,5178.509765625,5149.419921875
2024-03-22,170.8300018310547,5234.18017578125,172.82000732421875,175.66000366210938,171.32000732421875,5241.52978515625,5224.6201171875,5178.509765625
2024-03-25,172.6300048828125,5218.18994140625,170.8300018310547,172.82000732421875,175.66000366210938,5234.18017578125,5241.52978515625,5224.6201171875
2024-03-26,177.6699981689453,5203.580078125,172.6300048828125,170.8300018310547,172.82000732421875,5218.18994140625,5234.18017578125,5241.52978515625
2024-03-27,179.8300018310547,5248.490234375,177.6699981689453,172.6300048828125,170.8300018310547,5203.580078125,5218.18994140625,5234.18017578125
2024-03-28,175.7899932861328,5254.35009765625,179.8300018310547,177.6699981689453,172.6300048828125,5248.490234375,5203.580078125,5218.18994140625
2024-04-01,175.22000122070312,5243.77001953125,175.7899932861328,179.8300018310547,177.6699981689453,5254.35009765625,5248.490234375,5203.580078125
2024-04-02,166.6300048828125,5205.81005859375,175.22000122070312,175.7899932861328,179.8300018310547,5243.77001953125,5254.35009765625,5248.490234375
2024-04-03,168.3800048828125,5211.490234375,166.6300048828125,175.22000122070312,175.7899932861328,5205.81005859375,5243.77001953125,5254.35009765625
2024-04-04,171.11000061035156,5147.2099609375,168.3800048828125,166.6300048828125,175.22000122070312,5211.490234375,5205.81005859375,5243.77001953125
2024-04-05,164.89999389648438,5204.33984375,171.11000061035156,168.3800048828125,166.6300048828125,5147.2099609375,5211.490234375,5205.81005859375
2024-04-08,172.97999572753906,5202.39013671875,164.89999389648438,171.11000061035156,168.3800048828125,5204.33984375,5147.2099609375,5211.490234375
2024-04-09,176.8800048828125,5209.91015625,172.97999572753906,164.89999389648438,171.11000061035156,5202.39013671875,5204.33984375,5147.2099609375
2024-04-10,171.75999450683594,5160.64013671875,176.8800048828125,172.97999572753906,164.89999389648438,5209.91015625,5202.39013671875,5204.33984375
2024-04-11,174.60000610351562,5199.06005859375,171.75999450683594,176.8800048828125,172.97999572753906,5160.64013671875,5209.91015625,5202.39013671875
2024-04-12,171.0500030517578,5123.41015625,174.60000610351562,171.75999450683594,176.8800048828125,5199.06005859375,5160.64013671875,5209.91015625
2024-04-15,161.47999572753906,5061.81982421875,171.0500030517578,174.60000610351562,171.75999450683594,5123.41015625,5199.06005859375,5160.64013671875
2024-04-16,157.11000061035156,5051.41015625,161.47999572753906,171.0500030517578,174.60000610351562,5061.81982421875,5123.41015625,5199.06005859375
2024-04-17,155.4499969482422,5022.2099609375,157.11000061035156,161.47999572753906,171.0500030517578,5051.41015625,5061.81982421875,5123.41015625
2024-04-18,149.92999267578125,5011.1201171875,155.4499969482422,157.11000061035156,161.47999572753906,5022.2099609375,5051.41015625,5061.81982421875
2024-04-19,147.0500030517578,4967.22998046875,149.92999267578125,155.4499969482422,157.11000061035156,5011.1201171875,5022.2099609375,5051.41015625
2024-04-22,142.0500030517578,5010.60009765625,147.0500030517578,149.92999267578125,155.4499969482422,4967.22998046875,5011.1201171875,5022.2099609375
2024-04-23,144.67999267578125,5070.5498046875,142.0500030517578,147.0500030517578,149.92999267578125,5010.60009765625,4967.22998046875,5011.1201171875
2024-04-24,162.1300048828125,5071.6298828125,144.67999267578125,142.0500030517578,147.0500030517578,5070.5498046875,5010.60009765625,4967.22998046875
2024-04-25,170.17999267578125,5048.419921875,162.1300048828125,144.67999267578125,142.0500030517578,5071.6298828125,5070.5498046875,5010.60009765625
2024-04-26,168.2899932861328,5099.9599609375,170.17999267578125,162.1300048828125,144.67999267578125,5048.419921875,5071.6298828125,5070.5498046875
2024-04-29,194.0500030517578,5116.169921875,168.2899932861328,170.17999267578125,162.1300048828125,5099.9599609375,5048.419921875,5071.6298828125
2024-04-30,183.27999877929688,5035.68994140625,194.0500030517578,168.2899932861328,170.17999267578125,5116.169921875,5099.9599609375,5048.419921875
2024-05-01,179.99000549316406,5018.39013671875,183.27999877929688,194.0500030517578,168.2899932861328,5035.68994140625,5116.169921875,5099.9599609375
2024-05-02,180.00999450683594,5064.2001953125,179.99000549316406,183.27999877929688,194.0500030517578,5018.39013671875,5035.68994140625,5116.169921875
2024-05-03,181.19000244140625,5127.7900390625,180.00999450683594,179.99000549316406,183.27999877929688,5064.2001953125,5018.39013671875,5035.68994140625
2024-05-06,184.75999450683594,5180.740234375,181.19000244140625,180.00999450683594,179.99000549316406,5127.7900390625,5064.2001953125,5018.39013671875
2024-05-07,177.80999755859375,5187.7001953125,184.75999450683594,181.19000244140625,180.00999450683594,5180.740234375,5127.7900390625,5064.2001953125
2024-05-08,174.72000122070312,5187.669921875,177.80999755859375,184.75999450683594,181.19000244140625,5187.7001953125,5180.740234375,5127.7900390625
2024-05-09,171.97000122070312,5214.080078125,174.72000122070312,177.80999755859375,184.75999450683594,5187.669921875,5187.7001953125,5180.740234375
2024-05-10,168.47000122070312,5222.68017578125,171.97000122070312,174.72000122070312,177.80999755859375,5214.080078125,5187.669921875,5187.7001953125
2024-05-13,171.88999938964844,5221.419921875,168.47000122070312,171.97000122070312,174.72000122070312,5222.68017578125,5214.080078125,5187.669921875
2024-05-14,177.5500030517578,5246.68017578125,171.88999938964844,168.47000122070312,171.97000122070312,5221.419921875,5222.68017578125,5214.080078125
2024-05-15,173.99000549316406,5308.14990234375,177.5500030517578,171.88999938964844,168.47000122070312,5246.68017578125,5221.419921875,5222.68017578125
2024-05-16,174.83999633789062,5297.10009765625,173.99000549316406,177.5500030517578,171.88999938964844,5308.14990234375,5246.68017578125,5221.419921875
2024-05-17,177.4600067138672,5303.27001953125,174.83999633789062,173.99000549316406,177.5500030517578,5297.10009765625,5308.14990234375,5246.68017578125
2024-05-20,174.9499969482422,5308.1298828125,177.4600067138672,174.83999633789062,173.99000549316406,5303.27001953125,5297.10009765625,5308.14990234375
2024-05-21,186.60000610351562,5321.41015625,174.9499969482422,177.4600067138672,174.83999633789062,5308.1298828125,5303.27001953125,5297.10009765625
2024-05-22,180.11000061035156,5307.009765625,186.60000610351562,174.9499969482422,177.4600067138672,5321.41015625,5308.1298828125,5303.27001953125
2024-05-23,173.74000549316406,5267.83984375,180.11000061035156,186.60000610351562,174.9499969482422,5307.009765625,5321.41015625,5308.1298828125
2024-05-24,179.24000549316406,5304.72021484375,173.74000549316406,180.11000061035156,186.60000610351562,5267.83984375,5307.009765625,5321.41015625
2024-05-28,176.75,5306.0400390625,179.24000549316406,173.74000549316406,180.11000061035156,5304.72021484375,5267.83984375,5307.009765625
2024-05-29,176.19000244140625,5266.9501953125,176.75,179.24000549316406,173.74000549316406,5306.0400390625,5304.72021484375,5267.83984375
2024-05-30,178.7899932861328,5235.47998046875,176.19000244140625,176.75,179.24000549316406,5266.9501953125,5306.0400390625,5304.72021484375
2024-05-31,178.0800018310547,5277.509765625,178.7899932861328,176.19000244140625,176.75,5235.47998046875,5266.9501953125,5306.0400390625
2024-06-03,176.2899932861328,5283.39990234375,178.0800018310547,178.7899932861328,176.19000244140625,5277.509765625,5235.47998046875,5266.9501953125
2024-06-04,174.77000427246094,5291.33984375,176.2899932861328,178.0800018310547,178.7899932861328,5283.39990234375,5277.509765625,5235.47998046875
2024-06-05,175.0,5354.02978515625,174.77000427246094,176.2899932861328,178.0800018310547,5291.33984375,5283.39990234375,5277.509765625
2024-06-06,177.94000244140625,5352.9599609375,175.0,174.77000427246094,176.2899932861328,5354.02978515625,5291.33984375,5283.39990234375
2024-06-07,177.47999572753906,5346.990234375,177.94000244140625,175.0,174.77000427246094,5352.9599609375,5354.02978515625,5291.33984375
2024-06-10,173.7899932861328,5360.7900390625,177.47999572753906,177.94000244140625,175.0,5346.990234375,5352.9599609375,5354.02978515625
2024-06-11,170.66000366210938,5375.31982421875,173.7899932861328,177.47999572753906,177.94000244140625,5360.7900390625,5346.990234375,5352.9599609375
2024-06-12,177.2899932861328,5421.02978515625,170.66000366210938,173.7899932861328,177.47999572753906,5375.31982421875,5360.7900390625,5346.990234375
2024-06-13,182.47000122070312,5433.740234375,177.2899932861328,170.66000366210938,173.7899932861328,5421.02978515625,5375.31982421875,5360.7900390625
2024-06-14,178.00999450683594,5431.60009765625,182.47000122070312,177.2899932861328,170.66000366210938,5433.740234375,5421.02978515625,5375.31982421875
2024-06-17,187.44000244140625,5473.22998046875,178.00999450683594,182.47000122070312,177.2899932861328,5431.60009765625,5433.740234375,5421.02978515625
2024-06-18,184.86000061035156,5487.02978515625,187.44000244140625,178.00999450683594,182.47000122070312,5473.22998046875,5431.60009765625,5433.740234375
2024-06-20,181.57000732421875,5473.169921875,184.86000061035156,187.44000244140625,178.00999450683594,5487.02978515625,5473.22998046875,5431.60009765625
2024-06-21,183.00999450683594,5464.6201171875,181.57000732421875,184.86000061035156,187.44000244140625,5473.169921875,5487.02978515625,5473.22998046875
2024-06-24,182.5800018310547,5447.8701171875,183.00999450683594,181.57000732421875,184.86000061035156,5464.6201171875,5473.169921875,5487.02978515625
2024-06-25,187.35000610351562,5469.2998046875,182.5800018310547,183.00999450683594,181.57000732421875,5447.8701171875,5464.6201171875,5473.169921875
2024-06-26,196.3699951171875,5477.89990234375,187.35000610351562,182.5800018310547,183.00999450683594,5469.2998046875,5447.8701171875,5464.6201171875
2024-06-27,197.4199981689453,5482.8701171875,196.3699951171875,187.35000610351562,182.5800018310547,5477.89990234375,5469.2998046875,5447.8701171875
2024-06-28,197.8800048828125,5460.47998046875,197.4199981689453,196.3699951171875,187.35000610351562,5482.8701171875,5477.89990234375,5469.2998046875
2024-07-01,209.86000061035156,5475.08984375,197.8800048828125,197.4199981689453,196.3699951171875,5460.47998046875,5482.8701171875,5477.89990234375
2024-07-02,231.25999450683594,5509.009765625,209.86000061035156,197.8800048828125,197.4199981689453,5475.08984375,5460.47998046875,5482.8701171875
2024-07-03,246.38999938964844,5537.02001953125,231.25999450683594,209.86000061035156,197.8800048828125,5509.009765625,5475.08984375,5460.47998046875
2024-07-05,251.52000427246094,5567.18994140625,246.38999938964844,231.25999450683594,209.86000061035156,5537.02001953125,5509.009765625,5475.08984375
2024-07-08,252.94000244140625,5572.85009765625,251.52000427246094,246.38999938964844,231.25999450683594,5567.18994140625,5537.02001953125,5509.009765625
2024-07-09,262.3299865722656,5576.97998046875,252.94000244140625,251.52000427246094,246.38999938964844,5572.85009765625,5567.18994140625,5537.02001953125
2024-07-10,263.260009765625,5633.91015625,262.3299865722656,252.94000244140625,251.52000427246094,5576.97998046875,5572.85009765625,5567.18994140625
2024-07-11,241.02999877929688,5584.5400390625,263.260009765625,262.3299865722656,252.94000244140625,5633.91015625,5576.97998046875,5572.85009765625
2024-07-12,248.22999572753906,5615.35009765625,241.02999877929688,263.260009765625,262.3299865722656,5584.5400390625,5633.91015625,5576.97998046875
2024-07-15,252.63999938964844,5631.22021484375,248.22999572753906,241.02999877929688,263.260009765625,5615.35009765625,5584.5400390625,5633.91015625
2024-07-16,256.55999755859375,5667.2001953125,252.63999938964844,248.22999572753906,241.02999877929688,5631.22021484375,5615.35009765625,5584.5400390625
2024-07-17,248.5,5588.27001953125,256.55999755859375,252.63999938964844,248.22999572753906,5667.2001953125,5631.22021484375,5615.35009765625
2024-07-18,249.22999572753906,5544.58984375,248.5,256.55999755859375,252.63999938964844,5588.27001953125,5667.2001953125,5631.22021484375
2024-07-19,239.1999969482422,5505.0,249.22999572753906,248.5,256.55999755859375,5544.58984375,5588.27001953125,5667.2001953125
2024-07-22,251.50999450683594,5564.41015625,239.1999969482422,249.22999572753906,248.5,5505.0,5544.58984375,5588.27001953125
2024-07-23,246.3800048828125,5555.740234375,251.50999450683594,239.1999969482422,249.22999572753906,5564.41015625,5505.0,5544.58984375
2024-07-24,215.99000549316406,5427.1298828125,246.3800048828125,251.50999450683594,239.1999969482422,5555.740234375,5564.41015625,5505.0
2024-07-25,220.25,5399.22021484375,215.99000549316406,246.3800048828125,251.50999450683594,5427.1298828125,5555.740234375,5564.41015625
2024-07-26,219.8000030517578,5459.10009765625,220.25,215.99000549316406,246.3800048828125,5399.22021484375,5427.1298828125,5555.740234375
2024-07-29,232.10000610351562,5463.5400390625,219.8000030517578,220.25,215.99000549316406,5459.10009765625,5399.22021484375,5427.1298828125
2024-07-30,222.6199951171875,5436.43994140625,232.10000610351562,219.8000030517578,220.25,5463.5400390625,5459.10009765625,5399.22021484375
2024-07-31,232.07000732421875,5522.2998046875,222.6199951171875,232.10000610351562,219.8000030517578,5436.43994140625,5463.5400390625,5459.10009765625
2024-08-01,216.86000061035156,5446.68017578125,232.07000732421875,222.6199951171875,232.10000610351562,5522.2998046875,5436.43994140625,5463.5400390625
2024-08-02,207.6699981689453,5346.56005859375,216.86000061035156,232.07000732421875,222.6199951171875,5446.68017578125,5522.2998046875,5436.43994140625
2024-08-05,198.8800048828125,5186.330078125,207.6699981689453,216.86000061035156,232.07000732421875,5346.56005859375,5446.68017578125,5522.2998046875
2024-08-06,200.63999938964844,5240.02978515625,198.8800048828125,207.6699981689453,216.86000061035156,5186.330078125,5346.56005859375,5446.68017578125
2024-08-07,191.75999450683594,5199.5,200.63999938964844,198.8800048828125,207.6699981689453,5240.02978515625,5186.330078125,5346.56005859375
2024-08-08,198.83999633789062,5319.31005859375,191.75999450683594,200.63999938964844,198.8800048828125,5199.5,5240.02978515625,5186.330078125
2024-08-09,200.0,5344.16015625,198.83999633789062,191.75999450683594,200.63999938964844,5319.31005859375,5199.5,5240.02978515625
2024-08-12,197.49000549316406,5344.39013671875,200.0,198.83999633789062,191.75999450683594,5344.16015625,5319.31005859375,5199.5
2024-08-13,207.8300018310547,5434.43017578125,197.49000549316406,200.0,198.83999633789062,5344.39013671875,5344.16015625,5319.31005859375
2024-08-14,201.3800048828125,5455.2099609375,207.8300018310547,197.49000549316406,200.0,5434.43017578125,5344.39013671875,5344.16015625
2024-08-15,214.13999938964844,5543.22021484375,201.3800048828125,207.8300018310547,197.49000549316406,5455.2099609375,5434.43017578125,5344.39013671875
2024-08-16,216.1199951171875,5554.25,214.13999938964844,201.3800048828125,207.8300018310547,5543.22021484375,5455.2099609375,5434.43017578125
2024-08-19,222.72000122070312,5608.25,216.1199951171875,214.13999938964844,201.3800048828125,5554.25,5543.22021484375,5455.2099609375
2024-08-20,221.10000610351562,5597.1201171875,222.72000122070312,216.1199951171875,214.13999938964844,5608.25,5554.25,5543.22021484375
2024-08-21,223.27000427246094,5620.85009765625,221.10000610351562,222.72000122070312,216.1199951171875,5597.1201171875,5608.25,5554.25
2024-08-22,210.66000366210938,5570.64013671875,223.27000427246094,221.10000610351562,222.72000122070312,5620.85009765625,5597.1201171875,5608.25
2024-08-23,220.32000732421875,5634.60986328125,210.66000366210938,223.27000427246094,221.10000610351562,5570.64013671875,5620.85009765625,5597.1201171875
2024-08-26,213.2100067138672,5616.83984375,220.32000732421875,210.66000366210938,223.27000427246094,5634.60986328125,5570.64013671875,5620.85009765625
2024-08-27,209.2100067138672,5625.7998046875,213.2100067138672,220.32000732421875,210.66000366210938,5616.83984375,5634.60986328125,5570.64013671875
2024-08-28,205.75,5592.18017578125,209.2100067138672,213.2100067138672,220.32000732421875,5625.7998046875,5616.83984375,5634.60986328125
2024-08-29,206.27999877929688,5591.9599609375,205.75,209.2100067138672,213.2100067138672,5592.18017578125,5625.7998046875,5616.83984375
2024-08-30,214.11000061035156,5648.39990234375,206.27999877929688,205.75,209.2100067138672,5591.9599609375,5592.18017578125,5625.7998046875
2024-09-03,210.60000610351562,5528.93017578125,214.11000061035156,206.27999877929688,205.75,5648.39990234375,5591.9599609375,5592.18017578125
2024-09-04,219.41000366210938,5520.06982421875,210.60000610351562,214.11000061035156,206.27999877929688,5528.93017578125,5648.39990234375,5591.9599609375
2024-09-05,230.1699981689453,5503.41015625,219.41000366210938,210.60000610351562,214.11000061035156,5520.06982421875,5528.93017578125,5648.39990234375
2024-09-06,210.72999572753906,5408.419921875,230.1699981689453,219.41000366210938,210.60000610351562,5503.41015625,5520.06982421875,5528.93017578125
2024-09-09,216.27000427246094,5471.0498046875,210.72999572753906,230.1699981689453,219.41000366210938,5408.419921875,5503.41015625,5520.06982421875
2024-09-10,226.1699981689453,5495.52001953125,216.27000427246094,210.72999572753906,230.1699981689453,5471.0498046875,5408.419921875,5503.41015625
2024-09-11,228.1300048828125,5554.1298828125,226.1699981689453,216.27000427246094,210.72999572753906,5495.52001953125,5471.0498046875,5408.419921875
2024-09-12,229.80999755859375,5595.759765625,228.1300048828125,226.1699981689453,216.27000427246094,5554.1298828125,5495.52001953125,5471.0498046875
2024-09-13,230.2899932861328,5626.02001953125,229.80999755859375,228.1300048828125,226.1699981689453,5595.759765625,5554.1298828125,5495.52001953125
2024-09-16,226.77999877929688,5633.08984375,230.2899932861328,229.80999755859375,228.1300048828125,5626.02001953125,5595.759765625,5554.1298828125
2024-09-17,227.8699951171875,5634.580078125,226.77999877929688,230.2899932861328,229.80999755859375,5633.08984375,5626.02001953125,5595.759765625
2024-09-18,227.1999969482422,5618.259765625,227.8699951171875,226.77999877929688,230.2899932861328,5634.580078125,5633.08984375,5626.02001953125
2024-09-19,243.9199981689453,5713.64013671875,227.1999969482422,227.8699951171875,226.77999877929688,5618.259765625,5634.580078125,5633.08984375
2024-09-20,238.25,5702.5498046875,243.9199981689453,227.1999969482422,227.8699951171875,5713.64013671875,5618.259765625,5634.580078125
2024-09-23,250.0,5718.56982421875,238.25,243.9199981689453,227.1999969482422,5702.5498046875,5713.64013671875,5618.259765625
2024-09-24,254.27000427246094,5732.93017578125,250.0,238.25,243.9199981689453,5718.56982421875,5702.5498046875,5713.64013671875
2024-09-25,257.0199890136719,5722.259765625,254.27000427246094,250.0,238.25,5732.93017578125,5718.56982421875,5702.5498046875
2024-09-26,254.22000122070312,5745.3701171875,257.0199890136719,254.27000427246094,250.0,5722.259765625,5732.93017578125,5718.56982421875
2024-09-27,260.4599914550781,5738.169921875,254.22000122070312,257.0199890136719,254.27000427246094,5745.3701171875,5722.259765625,5732.93017578125
2024-09-30,261.6300048828125,5762.47998046875,260.4599914550781,254.22000122070312,257.0199890136719,5738.169921875,5745.3701171875,5722.259765625
2024-10-01,258.0199890136719,5708.75,261.6300048828125,260.4599914550781,254.22000122070312,5762.47998046875,5738.169921875,5745.3701171875
2024-10-02,249.02000427246094,5709.5400390625,258.0199890136719,261.6300048828125,260.4599914550781,5708.75,5762.47998046875,5738.169921875
2024-10-03,240.66000366210938,5699.93994140625,249.02000427246094,258.0199890136719,261.6300048828125,5709.5400390625,5708.75,5762.47998046875
2024-10-04,250.0800018310547,5751.06982421875,240.66000366210938,249.02000427246094,258.0199890136719,5699.93994140625,5709.5400390625,5708.75
2024-10-07,240.8300018310547,5695.93994140625,250.0800018310547,240.66000366210938,249.02000427246094,5751.06982421875,5699.93994140625,5709.5400390625
2024-10-08,244.5,5751.1298828125,240.8300018310547,250.0800018310547,240.66000366210938,5695.93994140625,5751.06982421875,5699.93994140625
2024-10-09,241.0500030517578,5792.0400390625,244.5,240.8300018310547,250.0800018310547,5751.1298828125,5695.93994140625,5751.06982421875
2024-10-10,238.77000427246094,5780.0498046875,241.0500030517578,244.5,240.8300018310547,5792.0400390625,5751.1298828125,5695.93994140625
2024-10-11,217.8000030517578,5815.02978515625,238.77000427246094,241.0500030517578,244.5,5780.0498046875,5792.0400390625,5751.1298828125
2024-10-14,219.16000366210938,5859.85009765625,217.8000030517578,238.77000427246094,241.0500030517578,5815.02978515625,5780.0498046875,5792.0400390625
2024-10-15,219.57000732421875,5815.259765625,219.16000366210938,217.8000030517578,238.77000427246094,5859.85009765625,5815.02978515625,5780.0498046875
2024-10-16,221.3300018310547,5842.47021484375,219.57000732421875,219.16000366210938,217.8000030517578,5815.259765625,5859.85009765625,5815.02978515625
2024-10-17,220.88999938964844,5841.47021484375,221.3300018310547,219.57000732421875,219.16000366210938,5842.47021484375,5815.259765625,5859.85009765625
2024-10-18,220.6999969482422,5864.669921875,220.88999938964844,221.3300018310547,219.57000732421875,5841.47021484375,5842.47021484375,5815.259765625
2024-10-21,218.85000610351562,5853.97998046875,220.6999969482422,220.88999938964844,221.3300018310547,5864.669921875,5841.47021484375,5842.47021484375
2024-10-22,217.97000122070312,5851.2001953125,218.85000610351562,220.6999969482422,220.88999938964844,5853.97998046875,5864.669921875,5841.47021484375
2024-10-23,213.64999389648438,5797.419921875,217.97000122070312,218.85000610351562,220.6999969482422,5851.2001953125,5853.97998046875,5864.669921875
2024-10-24,260.4800109863281,5809.85986328125,213.64999389648438,217.97000122070312,218.85000610351562,5797.419921875,5851.2001953125,5853.97998046875
2024-10-25,269.19000244140625,5808.1201171875,260.4800109863281,213.64999389648438,217.97000122070312,5809.85986328125,5797.419921875,5851.2001953125
2024-10-28,262.510009765625,5823.52001953125,269.19000244140625,260.4800109863281,213.64999389648438,5808.1201171875,5809.85986328125,5797.419921875
2024-10-29,259.5199890136719,5832.919921875,262.510009765625,269.19000244140625,260.4800109863281,5823.52001953125,5808.1201171875,5809.85986328125
2024-10-30,257.54998779296875,5813.669921875,259.5199890136719,262.510009765625,269.19000244140625,5832.919921875,5823.52001953125,5808.1201171875
2024-10-31,249.85000610351562,5705.4501953125,257.54998779296875,259.5199890136719,262.510009765625,5813.669921875,5832.919921875,5823.52001953125
2024-11-01,248.97999572753906,5728.7998046875,249.85000610351562,257.54998779296875,259.5199890136719,5705.4501953125,5813.669921875,5832.919921875
2024-11-04,242.83999633789062,5712.68994140625,248.97999572753906,249.85000610351562,257.54998779296875,5728.7998046875,5705.4501953125,5813.669921875
2024-11-05,251.44000244140625,5782.759765625,242.83999633789062,248.97999572753906,249.85000610351562,5712.68994140625,5728.7998046875,5705.4501953125
2024-11-06,288.5299987792969,5929.0400390625,251.44000244140625,242.83999633789062,248.97999572753906,5782.759765625,5712.68994140625,5728.7998046875
2024-11-07,296.9100036621094,5973.10009765625,288.5299987792969,251.44000244140625,242.83999633789062,5929.0400390625,5782.759765625,5712.68994140625
2024-11-08,321.2200012207031,5995.5400390625,296.9100036621094,288.5299987792969,251.44000244140625,5973.10009765625,5929.0400390625,5782.759765625
2024-11-11,350.0,6001.35009765625,321.2200012207031,296.9100036621094,288.5299987792969,5995.5400390625,5973.10009765625,5929.0400390625
2024-11-12,328.489990234375,5983.990234375,350.0,321.2200012207031,296.9100036621094,6001.35009765625,5995.5400390625,5973.10009765625
2024-11-13,330.239990234375,5985.3798828125,328.489990234375,350.0,321.2200012207031,5983.990234375,6001.35009765625,5995.5400390625
2024-11-14,311.17999267578125,5949.169921875,330.239990234375,328.489990234375,350.0,5985.3798828125,5983.990234375,6001.35009765625
2024-11-15,320.7200012207031,5870.6201171875,311.17999267578125,330.239990234375,328.489990234375,5949.169921875,5985.3798828125,5983.990234375
2024-11-18,338.739990234375,5893.6201171875,320.7200012207031,311.17999267578125,330.239990234375,5870.6201171875,5949.169921875,5985.3798828125
2024-11-19,346.0,5916.97998046875,338.739990234375,320.7200012207031,311.17999267578125,5893.6201171875,5870.6201171875,5949.169921875
2024-11-20,342.0299987792969,5917.10986328125,346.0,338.739990234375,320.7200012207031,5916.97998046875,5893.6201171875,5870.6201171875
2024-11-21,339.6400146484375,5948.7099609375,342.0299987792969,346.0,338.739990234375,5917.10986328125,5916.97998046875,5893.6201171875
2024-11-22,352.55999755859375,5969.33984375,339.6400146484375,342.0299987792969,346.0,5948.7099609375,5917.10986328125,5916.97998046875
2024-11-25,338.5899963378906,5987.3701171875,352.55999755859375,339.6400146484375,342.0299987792969,5969.33984375,5948.7099609375,5917.10986328125
2024-11-26,338.2300109863281,6021.6298828125,338.5899963378906,352.55999755859375,339.6400146484375,5987.3701171875,5969.33984375,5948.7099609375
2024-11-27,332.8900146484375,5998.740234375,338.2300109863281,338.5899963378906,352.55999755859375,6021.6298828125,5987.3701171875,5969.33984375
2024-11-29,345.1600036621094,6032.3798828125,332.8900146484375,338.2300109863281,338.5899963378906,5998.740234375,6021.6298828125,5987.3701171875
2024-12-02,357.0899963378906,6047.14990234375,345.1600036621094,332.8900146484375,338.2300109863281,6032.3798828125,5998.740234375,6021.6298828125
2024-12-03,351.4200134277344,6049.8798828125,357.0899963378906,345.1600036621094,332.8900146484375,6047.14990234375,6032.3798828125,5998.740234375
2024-12-04,357.92999267578125,6086.490234375,351.4200134277344,357.0899963378906,345.1600036621094,6049.8798828125,6047.14990234375,6032.3798828125
2024-12-05,369.489990234375,6075.10986328125,357.92999267578125,351.4200134277344,357.0899963378906,6086.490234375,6049.8798828125,6047.14990234375
2024-12-06,389.2200012207031,6090.27001953125,369.489990234375,357.92999267578125,351.4200134277344,6075.10986328125,6086.490234375,6049.8798828125
2024-12-09,389.7900085449219,6052.85009765625,389.2200012207031,369.489990234375,357.92999267578125,6090.27001953125,6075.10986328125,6086.490234375
2024-12-10,400.989990234375,6034.91015625,389.7900085449219,389.2200012207031,369.489990234375,6052.85009765625,6090.27001953125,6075.10986328125
2024-12-11,424.7699890136719,6084.18994140625,400.989990234375,389.7900085449219,389.2200012207031,6034.91015625,6052.85009765625,6090.27001953125
2024-12-12,418.1000061035156,6051.25,424.7699890136719,400.989990234375,389.7900085449219,6084.18994140625,6034.91015625,6052.85009765625
2024-12-13,436.2300109863281,6051.08984375,418.1000061035156,424.7699890136719,400.989990234375,6051.25,6084.18994140625,6034.91015625
2024-12-16,463.0199890136719,6074.080078125,436.2300109863281,418.1000061035156,424.7699890136719,6051.08984375,6051.25,6084.18994140625
2024-12-17,479.8599853515625,6050.60986328125,463.0199890136719,436.2300109863281,418.1000061035156,6074.080078125,6051.08984375,6051.25
2024-12-18,440.1300048828125,5872.16015625,479.8599853515625,463.0199890136719,436.2300109863281,6050.60986328125,6074.080078125,6051.08984375
2024-12-19,436.1700134277344,5867.080078125,440.1300048828125,479.8599853515625,463.0199890136719,5872.16015625,6050.60986328125,6074.080078125
2024-12-20,421.05999755859375,5930.85009765625,436.1700134277344,440.1300048828125,479.8599853515625,5867.080078125,5872.16015625,6050.60986328125
2024-12-23,430.6000061035156,5974.06982421875,421.05999755859375,436.1700134277344,440.1300048828125,5930.85009765625,5867.080078125,5872.16015625
2024-12-24,462.2799987792969,6040.0400390625,430.6000061035156,421.05999755859375,436.1700134277344,5974.06982421875,5930.85009765625,5867.080078125
2024-12-26,454.1300048828125,6037.58984375,462.2799987792969,430.6000061035156,421.05999755859375,6040.0400390625,5974.06982421875,5930.85009765625
2024-12-27,431.6600036621094,5970.83984375,454.1300048828125,462.2799987792969,430.6000061035156,6037.58984375,6040.0400390625,5974.06982421875
2024-12-30,417.4100036621094,5906.93994140625,431.6600036621094,454.1300048828125,462.2799987792969,5970.83984375,6037.58984375,6040.0400390625
2024-12-31,403.8399963378906,5881.6298828125,417.4100036621094,431.6600036621094,454.1300048828125,5906.93994140625,5970.83984375,6037.58984375
2025-01-02,379.2799987792969,5868.5498046875,403.8399963378906,417.4100036621094,431.6600036621094,5881.6298828125,5906.93994140625,5970.83984375
2025-01-03,410.44000244140625,5942.47021484375,379.2799987792969,403.8399963378906,417.4100036621094,5868.5498046875,5881.6298828125,5906.93994140625
2025-01-06,411.04998779296875,5975.3798828125,410.44000244140625,379.2799987792969,403.8399963378906,5942.47021484375,5868.5498046875,5881.6298828125
2025-01-07,394.3599853515625,5909.02978515625,411.04998779296875,410.44000244140625,379.2799987792969,5975.3798828125,5942.47021484375,5868.5498046875
2025-01-08,394.94000244140625,5918.25,394.3599853515625,411.04998779296875,410.44000244140625,5909.02978515625,5975.3798828125,5942.47021484375
2025-01-10,394.739990234375,5827.0400390625,394.94000244140625,394.3599853515625,411.04998779296875,5918.25,5909.02978515625,5975.3798828125
2025-01-13,403.30999755859375,5836.22021484375,394.739990234375,394.94000244140625,394.3599853515625,5827.0400390625,5918.25,5909.02978515625
2025-01-14,396.3599853515625,5842.91015625,403.30999755859375,394.739990234375,394.94000244140625,5836.22021484375,5827.0400390625,5918.25
2025-01-15,428.2200012207031,5949.91015625,396.3599853515625,403.30999755859375,394.739990234375,5842.91015625,5836.22021484375,5827.0400390625
2025-01-16,413.82000732421875,5937.33984375,428.2200012207031,396.3599853515625,403.30999755859375,5949.91015625,5842.91015625,5836.22021484375
2025-01-17,426.5,5996.66015625,413.82000732421875,428.2200012207031,396.3599853515625,5937.33984375,5949.91015625,5842.91015625
2025-01-21,424.07000732421875,6049.240234375,426.5,413.82000732421875,428.2200012207031,5996.66015625,5937.33984375,5949.91015625
2025-01-22,415.1099853515625,6086.3701171875,424.07000732421875,426.5,413.82000732421875,6049.240234375,5996.66015625,5937.33984375
2025-01-23,412.3800048828125,6118.7099609375,415.1099853515625,424.07000732421875,426.5,6086.3701171875,6049.240234375,5996.66015625
2025-01-24,406.5799865722656,6101.240234375,412.3800048828125,415.1099853515625,424.07000732421875,6118.7099609375,6086.3701171875,6049.240234375
2025-01-27,397.1499938964844,6012.27978515625,406.5799865722656,412.3800048828125,415.1099853515625,6101.240234375,6118.7099609375,6086.3701171875
2025-01-28,398.0899963378906,6067.7001953125,397.1499938964844,406.5799865722656,412.3800048828125,6012.27978515625,6101.240234375,6118.7099609375
2025-01-29,389.1000061035156,6039.31005859375,398.0899963378906,397.1499938964844,406.5799865722656,6067.7001953125,6012.27978515625,6101.240234375
2025-01-30,400.2799987792969,6071.169921875,389.1000061035156,398.0899963378906,397.1499938964844,6039.31005859375,6067.7001953125,6012.27978515625
2025-01-31,404.6000061035156,6040.52978515625,400.2799987792969,389.1000061035156,398.0899963378906,6071.169921875,6039.31005859375,6067.7001953125
2025-02-03,383.67999267578125,5994.56982421875,404.6000061035156,400.2799987792969,389.1000061035156,6040.52978515625,6071.169921875,6039.31005859375
2025-02-04,392.2099914550781,6037.8798828125,383.67999267578125,404.6000061035156,400.2799987792969,5994.56982421875,6040.52978515625,6071.169921875
2025-02-05,378.1700134277344,6061.47998046875,392.2099914550781,383.67999267578125,404.6000061035156,6037.8798828125,5994.56982421875,6040.52978515625
2025-02-06,374.32000732421875,6083.56982421875,378.1700134277344,392.2099914550781,383.67999267578125,6061.47998046875,6037.8798828125,5994.56982421875
2025-02-07,361.6199951171875,6025.990234375,374.32000732421875,378.1700134277344,392.2099914550781,6083.56982421875,6061.47998046875,6037.8798828125
2025-02-10,350.7300109863281,6066.43994140625,361.6199951171875,374.32000732421875,378.1700134277344,6025.990234375,6083.56982421875,6061.47998046875
2025-02-11,328.5,6068.5,350.7300109863281,361.6199951171875,374.32000732421875,6066.43994140625,6025.990234375,6083.56982421875
2025-02-12,336.510009765625,6051.97021484375,328.5,350.7300109863281,361.6199951171875,6068.5,6066.43994140625,6025.990234375
2025-02-13,355.94000244140625,6115.06982421875,336.510009765625,328.5,350.7300109863281,6051.97021484375,6068.5,6066.43994140625
2025-02-14,355.8399963378906,6114.6298828125,355.94000244140625,336.510009765625,328.5,6115.06982421875,6051.97021484375,6068.5
2025-02-18,354.1099853515625,6129.580078125,355.8399963378906,355.94000244140625,336.510009765625,6114.6298828125,6115.06982421875,6051.97021484375
2025-02-19,360.55999755859375,6144.14990234375,354.1099853515625,355.8399963378906,355.94000244140625,6129.580078125,6114.6298828125,6115.06982421875
2025-02-20,354.3999938964844,6117.52001953125,360.55999755859375,354.1099853515625,355.8399963378906,6144.14990234375,6129.580078125,6114.6298828125
2025-02-21,337.79998779296875,6013.1298828125,354.3999938964844,360.55999755859375,354.1099853515625,6117.52001953125,6144.14990234375,6129.580078125
2025-02-24,330.5299987792969,5983.25,337.79998779296875,354.3999938964844,360.55999755859375,6013.1298828125,6117.52001953125,6144.14990234375
2025-02-25,302.79998779296875,5955.25,330.5299987792969,337.79998779296875,354.3999938964844,5983.25,6013.1298828125,6117.52001953125
2025-02-26,290.79998779296875,5956.06005859375,302.79998779296875,330.5299987792969,337.79998779296875,5955.25,5983.25,6013.1298828125
2025-02-27,281.95001220703125,5861.56982421875,290.79998779296875,302.79998779296875,330.5299987792969,5956.06005859375,5955.25,5983.25
2025-02-28,292.9800109863281,5954.5,281.95001220703125,290.79998779296875,302.79998779296875,5861.56982421875,5956.06005859375,5955.25
2025-03-03,284.6499938964844,5849.72021484375,292.9800109863281,281.95001220703125,290.79998779296875,5954.5,5861.56982421875,5956.06005859375
2025-03-04,272.0400085449219,5778.14990234375,284.6499938964844,292.9800109863281,281.95001220703125,5849.72021484375,5954.5,5861.56982421875
2025-03-05,279.1000061035156,5842.6298828125,272.0400085449219,284.6499938964844,292.9800109863281,5778.14990234375,5849.72021484375,5954.5
2025-03-06,263.45001220703125,5738.52001953125,279.1000061035156,272.0400085449219,284.6499938964844,5842.6298828125,5778.14990234375,5849.72021484375
2025-03-07,262.6700134277344,5770.2001953125,263.45001220703125,279.1000061035156,272.0400085449219,5738.52001953125,5842.6298828125,5778.14990234375
2025-03-10,222.14999389648438,5614.56005859375,262.6700134277344,263.45001220703125,279.1000061035156,5770.2001953125,5738.52001953125,5842.6298828125
2025-03-11,230.5800018310547,5572.06982421875,222.14999389648438,262.6700134277344,263.45001220703125,5614.56005859375,5770.2001953125,5738.52001953125
2025-03-12,248.08999633789062,5599.2998046875,230.5800018310547,222.14999389648438,262.6700134277344,5572.06982421875,5614.56005859375,5770.2001953125
2025-03-13,240.67999267578125,5521.52001953125,248.08999633789062,230.5800018310547,222.14999389648438,5599.2998046875,5572.06982421875,5614.56005859375
2025-03-14,249.97999572753906,5638.93994140625,240.67999267578125,248.08999633789062,230.5800018310547,5521.52001953125,5599.2998046875,5572.06982421875
2025-03-17,238.00999450683594,5675.1201171875,249.97999572753906,240.67999267578125,248.08999633789062,5638.93994140625,5521.52001953125,5599.2998046875
2025-03-18,225.30999755859375,5614.66015625,238.00999450683594,249.97999572753906,240.67999267578125,5675.1201171875,5638.93994140625,5521.52001953125
2025-03-19,235.86000061035156,5675.2900390625,225.30999755859375,238.00999450683594,249.97999572753906,5614.66015625,5675.1201171875,5638.93994140625
2025-03-20,236.25999450683594,5662.89013671875,235.86000061035156,225.30999755859375,238.00999450683594,5675.2900390625,5614.66015625,5675.1201171875
2025-03-21,248.7100067138672,5667.56005859375,236.25999450683594,235.86000061035156,225.30999755859375,5662.89013671875,5675.2900390625,5614.66015625
2025-03-24,278.3900146484375,5767.56982421875,248.7100067138672,236.25999450683594,235.86000061035156,5667.56005859375,5662.89013671875,5675.2900390625
2025-03-25,288.1400146484375,5776.64990234375,278.3900146484375,248.7100067138672,236.25999450683594,5767.56982421875,5667.56005859375,5662.89013671875
2025-03-26,272.05999755859375,5712.2001953125,288.1400146484375,278.3900146484375,248.7100067138672,5776.64990234375,5767.56982421875,5667.56005859375
2025-03-27,273.1300048828125,5693.31005859375,272.05999755859375,288.1400146484375,278.3900146484375,5712.2001953125,5776.64990234375,5767.56982421875
2025-03-28,263.54998779296875,5580.93994140625,273.1300048828125,272.05999755859375,288.1400146484375,5693.31005859375,5712.2001953125,5776.64990234375
2025-03-31,259.1600036621094,5611.85009765625,263.54998779296875,273.1300048828125,272.05999755859375,5580.93994140625,5693.31005859375,5712.2001953125
2025-04-01,268.4599914550781,5633.06982421875,259.1600036621094,263.54998779296875,273.1300048828125,5611.85009765625,5580.93994140625,5693.31005859375
2025-04-02,282.760009765625,5670.97021484375,268.4599914550781,259.1600036621094,263.54998779296875,5633.06982421875,5611.85009765625,5580.93994140625
2025-04-03,267.2799987792969,5396.52001953125,282.760009765625,268.4599914550781,259.1600036621094,5670.97021484375,5633.06982421875,5611.85009765625
2025-04-04,239.42999267578125,5074.080078125,267.2799987792969,282.760009765625,268.4599914550781,5396.52001953125,5670.97021484375,5633.06982421875
2025-04-07,233.2899932861328,5062.25,239.42999267578125,267.2799987792969,282.760009765625,5074.080078125,5396.52001953125,5670.97021484375
2025-04-08,221.86000061035156,4982.77001953125,233.2899932861328,239.42999267578125,267.2799987792969,5062.25,5074.080078125,5396.52001953125
2025-04-09,272.20001220703125,5456.89990234375,221.86000061035156,233.2899932861328,239.42999267578125,4982.77001953125,5062.25,5074.080078125
2025-04-10,252.39999389648438,5268.0498046875,272.20001220703125,221.86000061035156,233.2899932861328,5456.89990234375,4982.77001953125,5062.25
2025-04-11,252.30999755859375,5363.35986328125,252.39999389648438,272.20001220703125,221.86000061035156,5268.0498046875,5456.89990234375,4982.77001953125
2025-04-14,252.35000610351562,5405.97021484375,252.30999755859375,252.39999389648438,272.20001220703125,5363.35986328125,5268.0498046875,5456.89990234375
2025-04-15,254.11000061035156,5396.6298828125,252.35000610351562,252.30999755859375,252.39999389648438,5405.97021484375,5363.35986328125,5268.0498046875
2025-04-16,241.5500030517578,5275.7001953125,254.11000061035156,252.35000610351562,252.30999755859375,5396.6298828125,5405.97021484375,5363.35986328125
2025-04-17,241.3699951171875,5282.7001953125,241.5500030517578,254.11000061035156,252.35000610351562,5275.7001953125,5396.6298828125,5405.97021484375
2025-04-21,227.5,5158.2001953125,241.3699951171875,241.5500030517578,254.11000061035156,5282.7001953125,5275.7001953125,5396.6298828125
2025-04-22,237.97000122070312,5287.759765625,227.5,241.3699951171875,241.5500030517578,5158.2001953125,5282.7001953125,5275.7001953125
2025-04-23,250.74000549316406,5375.85986328125,237.97000122070312,227.5,241.3699951171875,5287.759765625,5158.2001953125,5282.7001953125
2025-04-24,259.510009765625,5484.77001953125,250.74000549316406,237.97000122070312,227.5,5375.85986328125,5287.759765625,5158.2001953125
2025-04-25,284.95001220703125,5525.2099609375,259.510009765625,250.74000549316406,237.97000122070312,5484.77001953125,5375.85986328125,5287.759765625
2025-04-28,285.8800048828125,5528.75,284.95001220703125,259.510009765625,250.74000549316406,5525.2099609375,5484.77001953125,5375.85986328125
2025-04-29,292.0299987792969,5560.830078125,285.8800048828125,284.95001220703125,259.510009765625,5528.75,5525.2099609375,5484.77001953125
2025-04-30,282.1600036621094,5569.06005859375,292.0299987792969,285.8800048828125,284.95001220703125,5560.830078125,5528.75,5525.2099609375
2025-05-01,280.5199890136719,5604.14013671875,282.1600036621094,292.0299987792969,285.8800048828125,5569.06005859375,5560.830078125,5528.75
2025-05-02,287.2099914550781,5686.669921875,280.5199890136719,282.1600036621094,292.0299987792969,5604.14013671875,5569.06005859375,5560.830078125
2025-05-05,280.260009765625,5650.3798828125,287.2099914550781,280.5199890136719,282.1600036621094,5686.669921875,5604.14013671875,5569.06005859375
2025-05-06,275.3500061035156,5606.91015625,280.260009765625,287.2099914550781,280.5199890136719,5650.3798828125,5686.669921875,5604.14013671875
2025-05-07,276.2200012207031,5631.27978515625,275.3500061035156,280.260009765625,287.2099914550781,5606.91015625,5650.3798828125,5686.669921875
2025-05-08,284.82000732421875,5663.93994140625,276.2200012207031,275.3500061035156,280.260009765625,5631.27978515625,5606.91015625,5650.3798828125
2025-05-09,298.260009765625,5659.91015625,284.82000732421875,276.2200012207031,275.3500061035156,5663.93994140625,5631.27978515625,5606.91015625
2025-05-12,318.3800048828125,5844.18994140625,298.260009765625,284.82000732421875,276.2200012207031,5659.91015625,5663.93994140625,5631.27978515625
2025-05-13,334.07000732421875,5886.5498046875,318.3800048828125,298.260009765625,284.82000732421875,5844.18994140625,5659.91015625,5663.93994140625
2025-05-14,347.67999267578125,5892.580078125,334.07000732421875,318.3800048828125,298.260009765625,5886.5498046875,5844.18994140625,5659.91015625
2025-05-15,342.82000732421875,5916.93017578125,347.67999267578125,334.07000732421875,318.3800048828125,5892.580078125,5886.5498046875,5844.18994140625
2025-05-16,349.9800109863281,5958.3798828125,342.82000732421875,347.67999267578125,334.07000732421875,5916.93017578125,5892.580078125,5886.5498046875
2025-05-19,342.0899963378906,5963.60009765625,349.9800109863281,342.82000732421875,347.67999267578125,5958.3798828125,5916.93017578125,5892.580078125
2025-05-20,343.82000732421875,5940.4599609375,342.0899963378906,349.9800109863281,342.82000732421875,5963.60009765625,5958.3798828125,5916.93017578125
2025-05-21,334.6199951171875,5844.60986328125,343.82000732421875,342.0899963378906,349.9800109863281,5940.4599609375,5963.60009765625,5958.3798828125
2025-05-22,341.0400085449219,5842.009765625,334.6199951171875,343.82000732421875,342.0899963378906,5844.60986328125,5940.4599609375,5963.60009765625
2025-05-23,339.3399963378906,5802.81982421875,341.0400085449219,334.6199951171875,343.82000732421875,5842.009765625,5844.60986328125,5940.4599609375
2025-05-27,362.8900146484375,5921.5400390625,339.3399963378906,341.0400085449219,334.6199951171875,5802.81982421875,5842.009765625,5844.60986328125
2025-05-28,356.8999938964844,5888.5498046875,362.8900146484375,339.3399963378906,341.0400085449219,5921.5400390625,5802.81982421875,5842.009765625
2025-05-29,358.42999267578125,5912.169921875,356.8999938964844,362.8900146484375,339.3399963378906,5888.5498046875,5921.5400390625,5802.81982421875
2025-05-30,346.4599914550781,5911.68994140625,358.42999267578125,356.8999938964844,362.8900146484375,5912.169921875,5888.5498046875,5921.5400390625
2025-06-02,342.69000244140625,5935.93994140625,346.4599914550781,358.42999267578125,356.8999938964844,5911.68994140625,5912.169921875,5888.5498046875
2025-06-03,344.2699890136719,5970.3701171875,342.69000244140625,346.4599914550781,358.42999267578125,5935.93994140625,5911.68994140625,5912.169921875
2025-06-04,332.04998779296875,5970.81005859375,344.2699890136719,342.69000244140625,346.4599914550781,5970.3701171875,5935.93994140625,5911.68994140625
2025-06-05,284.70001220703125,5939.2998046875,332.04998779296875,344.2699890136719,342.69000244140625,5970.81005859375,5970.3701171875,5935.93994140625
2025-06-06,295.1400146484375,6000.35986328125,284.70001220703125,332.04998779296875,344.2699890136719,5939.2998046875,5970.81005859375,5970.3701171875
2025-06-09,308.5799865722656,6005.8798828125,295.1400146484375,284.70001220703125,332.04998779296875,6000.35986328125,5939.2998046875,5970.81005859375
2025-06-10,326.0899963378906,6038.81005859375,308.5799865722656,295.1400146484375,284.70001220703125,6005.8798828125,6000.35986328125,5939.2998046875
2025-06-11,326.42999267578125,6022.240234375,326.0899963378906,308.5799865722656,295.1400146484375,6038.81005859375,6005.8798828125,6000.35986328125
2025-06-12,319.1099853515625,6045.259765625,326.42999267578125,326.0899963378906,308.5799865722656,6022.240234375,6038.81005859375,6005.8798828125
2025-06-13,325.30999755859375,5976.97021484375,319.1099853515625,326.42999267578125,326.0899963378906,6045.259765625,6022.240234375,6038.81005859375
2025-06-16,329.1300048828125,6033.10986328125,325.30999755859375,319.1099853515625,326.42999267578125,5976.97021484375,6045.259765625,6022.240234375
2025-06-17,316.3500061035156,5982.72021484375,329.1300048828125,325.30999755859375,319.1099853515625,6033.10986328125,5976.97021484375,6045.259765625
2025-06-18,322.04998779296875,5980.8701171875,316.3500061035156,329.1300048828125,325.30999755859375,5982.72021484375,6033.10986328125,5976.97021484375
2025-06-20,322.1600036621094,5967.83984375,322.04998779296875,316.3500061035156,329.1300048828125,5980.8701171875,5982.72021484375,6033.10986328125
2025-06-23,348.67999267578125,6025.169921875,322.1600036621094,322.04998779296875,316.3500061035156,5967.83984375,5980.8701171875,5982.72021484375
2025-06-24,340.4700012207031,6092.18017578125,348.67999267578125,322.1600036621094,322.04998779296875,6025.169921875,5967.83984375,5980.8701171875
2025-06-25,327.54998779296875,6092.16015625,340.4700012207031,348.67999267578125,322.1600036621094,6092.18017578125,6025.169921875,5967.83984375
2025-06-26,325.7799987792969,6141.02001953125,327.54998779296875,340.4700012207031,348.67999267578125,6092.16015625,6092.18017578125,6025.169921875
2025-06-27,323.6300048828125,6173.06982421875,325.7799987792969,327.54998779296875,340.4700012207031,6141.02001953125,6092.16015625,6092.18017578125
2025-06-30,317.6600036621094,6204.9501953125,323.6300048828125,325.7799987792969,327.54998779296875,6173.06982421875,6141.02001953125,6092.16015625
2025-07-01,300.7099914550781,6198.009765625,317.6600036621094,323.6300048828125,325.7799987792969,6204.9501953125,6173.06982421875,6141.02001953125
2025-07-02,315.6499938964844,6227.419921875,300.7099914550781,317.6600036621094,323.6300048828125,6198.009765625,6204.9501953125,6173.06982421875
2025-07-03,315.3500061035156,6279.35009765625,315.6499938964844,300.7099914550781,317.6600036621094,6227.419921875,6198.009765625,6204.9501953125
2025-07-07,293.94000244140625,6229.97998046875,315.3500061035156,315.6499938964844,300.7099914550781,6279.35009765625,6227.419921875,6198.009765625
2025-07-08,297.80999755859375,6225.52001953125,293.94000244140625,315.3500061035156,315.6499938964844,6229.97998046875,6279.35009765625,6227.419921875
2025-07-09,295.8800048828125,6263.259765625,297.80999755859375,293.94000244140625,315.3500061035156,6225.52001953125,6229.97998046875,6279.35009765625
2025-07-10,309.8699951171875,6280.4599609375,295.8800048828125,297.80999755859375,293.94000244140625,6263.259765625,6225.52001953125,6229.97998046875
2025-07-11,313.510009765625,6259.75,309.8699951171875,295.8800048828125,297.80999755859375,6280.4599609375,6263.259765625,6225.52001953125
2025-07-14,316.8999938964844,6268.56005859375,313.510009765625,309.8699951171875,295.8800048828125,6259.75,6280.4599609375,6263.259765625
2025-07-15,310.7799987792969,6243.759765625,316.8999938964844,313.510009765625,309.8699951171875,6268.56005859375,6259.75,6280.4599609375
2025-07-16,321.6700134277344,6263.7001953125,310.7799987792969,316.8999938964844,313.510009765625,6243.759765625,6268.56005859375,6259.75
2025-07-17,319.4100036621094,6297.35986328125,321.6700134277344,310.7799987792969,316.8999938964844,6263.7001953125,6243.759765625,6268.56005859375
2025-07-18,329.6499938964844,6296.7900390625,319.4100036621094,321.6700134277344,310.7799987792969,6297.35986328125,6263.7001953125,6243.759765625
2025-07-21,328.489990234375,6305.60009765625,329.6499938964844,319.4100036621094,321.6700134277344,6296.7900390625,6297.35986328125,6263.7001953125
2025-07-22,332.1099853515625,6309.6201171875,328.489990234375,329.6499938964844,319.4100036621094,6305.60009765625,6296.7900390625,6297.35986328125
2025-07-23,332.55999755859375,6358.91015625,332.1099853515625,328.489990234375,329.6499938964844,6309.6201171875,6305.60009765625,6296.7900390625
2025-07-24,305.29998779296875,6363.35009765625,332.55999755859375,332.1099853515625,328.489990234375,6358.91015625,6309.6201171875,6305.60009765625
2025-07-25,316.05999755859375,6388.64013671875,305.29998779296875,332.55999755859375,332.1099853515625,6363.35009765625,6358.91015625,6309.6201171875
2025-07-28,325.5899963378906,6389.77001953125,316.05999755859375,305.29998779296875,332.55999755859375,6388.64013671875,6363.35009765625,6358.91015625
2025-07-29,321.20001220703125,6370.85986328125,325.5899963378906,316.05999755859375,305.29998779296875,6389.77001953125,6388.64013671875,6363.35009765625
2025-07-30,319.0400085449219,6362.89990234375,321.20001220703125,325.5899963378906,316.05999755859375,6370.85986328125,6389.77001953125,6388.64013671875
2025-07-31,308.2699890136719,6339.39013671875,319.0400085449219,321.20001220703125,325.5899963378906,6362.89990234375,6370.85986328125,6389.77001953125
2025-08-01,302.6300048828125,6238.009765625,308.2699890136719,319.0400085449219,321.20001220703125,6339.39013671875,6362.89990234375,6370.85986328125
2025-08-04,309.260009765625,6329.93994140625,302.6300048828125,308.2699890136719,319.0400085449219,6238.009765625,6339.39013671875,6362.89990234375
2025-08-05,308.7200012207031,6299.18994140625,309.260009765625,302.6300048828125,308.2699890136719,6329.93994140625,6238.009765625,6339.39013671875
2025-08-06,319.9100036621094,6345.06005859375,308.7200012207031,309.260009765625,302.6300048828125,6299.18994140625,6329.93994140625,6238.009765625
2025-08-07,322.2699890136719,6340.0,319.9100036621094,308.7200012207031,309.260009765625,6345.06005859375,6299.18994140625,6329.93994140625
2025-08-08,329.6499938964844,6389.4501953125,322.2699890136719,319.9100036621094,308.7200012207031,6340.0,6345.06005859375,6299.18994140625
2025-08-11,339.0299987792969,6373.4501953125,329.6499938964844,322.2699890136719,319.9100036621094,6389.4501953125,6340.0,6345.06005859375
2025-08-12,340.8399963378906,6445.759765625,339.0299987792969,329.6499938964844,322.2699890136719,6373.4501953125,6389.4501953125,6340.0
2025-08-13,339.3800048828125,6466.580078125,340.8399963378906,339.0299987792969,329.6499938964844,6445.759765625,6373.4501953125,6389.4501953125
2025-08-14,335.5799865722656,6468.5400390625,339.3800048828125,340.8399963378906,339.0299987792969,6466.580078125,6445.759765625,6373.4501953125
2025-08-15,330.55999755859375,6449.7998046875,335.5799865722656,339.3800048828125,340.8399963378906,6468.5400390625,6466.580078125,6445.759765625
2025-08-18,335.1600036621094,6449.14990234375,330.55999755859375,335.5799865722656,339.3800048828125,6449.7998046875,6468.5400390625,6466.580078125
2025-08-19,329.30999755859375,6411.3701171875,335.1600036621094,330.55999755859375,335.5799865722656,6449.14990234375,6449.7998046875,6468.5400390625
2025-08-20,323.8999938964844,6395.77978515625,329.30999755859375,335.1600036621094,330.55999755859375,6411.3701171875,6449.14990234375,6449.7998046875
2025-08-21,320.1099853515625,6370.169921875,323.8999938964844,329.30999755859375,335.1600036621094,6395.77978515625,6411.3701171875,6449.14990234375
2025-08-22,340.010009765625,6466.91015625,320.1099853515625,323.8999938964844,329.30999755859375,6370.169921875,6395.77978515625,6411.3701171875
2025-08-25,346.6000061035156,6439.31982421875,340.010009765625,320.1099853515625,323.8999938964844,6466.91015625,6370.169921875,6395.77978515625
2025-08-26,351.6700134277344,6465.93994140625,346.6000061035156,340.010009765625,320.1099853515625,6439.31982421875,6466.91015625,6370.169921875
2025-08-27,349.6000061035156,6481.39990234375,351.6700134277344,346.6000061035156,340.010009765625,6465.93994140625,6439.31982421875,6466.91015625
2025-08-28,345.9800109863281,6501.85986328125,349.6000061035156,351.6700134277344,346.6000061035156,6481.39990234375,6465.93994140625,6439.31982421875
2025-08-29,333.8699951171875,6460.259765625,345.9800109863281,349.6000061035156,351.6700134277344,6501.85986328125,6481.39990234375,6465.93994140625
2025-09-02,329.3599853515625,6415.5400390625,333.8699951171875,345.9800109863281,349.6000061035156,6460.259765625,6501.85986328125,6481.39990234375
2025-09-03,334.0899963378906,6448.259765625,329.3599853515625,333.8699951171875,345.9800109863281,6415.5400390625,6460.259765625,6501.85986328125
2025-09-04,338.5299987792969,6502.080078125,334.0899963378906,329.3599853515625,333.8699951171875,6448.259765625,6415.5400390625,6460.259765625
2025-09-05,350.8399963378906,6481.5,338.5299987792969,334.0899963378906,329.3599853515625,6502.080078125,6448.259765625,6415.5400390625
2025-09-08,346.3999938964844,6495.14990234375,350.8399963378906,338.5299987792969,334.0899963378906,6481.5,6502.080078125,6448.259765625
2025-09-09,346.9700012207031,6512.60986328125,346.3999938964844,350.8399963378906,338.5299987792969,6495.14990234375,6481.5,6502.080078125
2025-09-10,347.7900085449219,6532.0400390625,346.9700012207031,346.3999938964844,350.8399963378906,6512.60986328125,6495.14990234375,6481.5
2025-09-11,368.80999755859375,6587.47021484375,347.7900085449219,346.9700012207031,346.3999938964844,6532.0400390625,6512.60986328125,6495.14990234375
2025-09-12,395.94000244140625,6584.2900390625,368.80999755859375,347.7900085449219,346.9700012207031,6587.47021484375,6532.0400390625,6512.60986328125
2025-09-15,410.0400085449219,6615.27978515625,395.94000244140625,368.80999755859375,347.7900085449219,6584.2900390625,6587.47021484375,6532.0400390625
2025-09-16,421.6199951171875,6606.759765625,410.0400085449219,395.94000244140625,368.80999755859375,6615.27978515625,6584.2900390625,6587.47021484375
2025-09-17,425.8599853515625,6600.35009765625,421.6199951171875,410.0400085449219,395.94000244140625,6606.759765625,6615.27978515625,6584.2900390625
2025-09-18,416.8500061035156,6631.9599609375,425.8599853515625,421.6199951171875,410.0400085449219,6600.35009765625,6606.759765625,6615.27978515625
2025-09-19,426.07000732421875,6664.35986328125,416.8500061035156,425.8599853515625,421.6199951171875,6631.9599609375,6600.35009765625,6606.759765625
2025-09-22,434.2099914550781,6693.75,426.07000732421875,416.8500061035156,425.8599853515625,6664.35986328125,6631.9599609375,6600.35009765625
2025-09-23,425.8500061035156,6656.919921875,434.2099914550781,426.07000732421875,416.8500061035156,6693.75,6664.35986328125,6631.9599609375
2025-09-24,442.7900085449219,6637.97021484375,425.8500061035156,434.2099914550781,426.07000732421875,6656.919921875,6693.75,6664.35986328125
2025-09-25,423.3900146484375,6604.72021484375,442.7900085449219,425.8500061035156,434.2099914550781,6637.97021484375,6656.919921875,6693.75
2025-09-26,440.3999938964844,6643.7001953125,423.3900146484375,442.7900085449219,425.8500061035156,6604.72021484375,6637.97021484375,6656.919921875
2025-09-29,443.2099914550781,6661.2099609375,440.3999938964844,423.3900146484375,442.7900085449219,6643.7001953125,6604.72021484375,6637.97021484375
2025-09-30,444.7200012207031,6688.4599609375,443.2099914550781,440.3999938964844,423.3900146484375,6661.2099609375,6643.7001953125,6604.72021484375
2025-10-01,459.4599914550781,6711.2001953125,444.7200012207031,443.2099914550781,440.3999938964844,6688.4599609375,6661.2099609375,6643.7001953125
2025-10-02,436.0,6715.35009765625,459.4599914550781,444.7200012207031,443.2099914550781,6711.2001953125,6688.4599609375,6661.2099609375
2025-10-03,429.8299865722656,6715.7900390625,436.0,459.4599914550781,444.7200012207031,6715.35009765625,6711.2001953125,6688.4599609375
2025-10-06,453.25,6740.27978515625,429.8299865722656,436.0,459.4599914550781,6715.7900390625,6715.35009765625,6711.2001953125
2025-10-07,433.0899963378906,6714.58984375,453.25,429.8299865722656,436.0,6740.27978515625,6715.7900390625,6715.35009765625
2025-10-08,438.69000244140625,6753.72021484375,433.0899963378906,453.25,429.8299865722656,6714.58984375,6740.27978515625,6715.7900390625
2025-10-09,435.5400085449219,6735.10986328125,438.69000244140625,433.0899963378906,453.25,6753.72021484375,6714.58984375,6740.27978515625
2025-10-10,413.489990234375,6552.509765625,435.5400085449219,438.69000244140625,433.0899963378906,6735.10986328125,6753.72021484375,6714.58984375
2025-10-13,435.8999938964844,6654.72021484375,413.489990234375,435.5400085449219,438.69000244140625,6552.509765625,6735.10986328125,6753.72021484375
2025-10-14,429.239990234375,6644.31005859375,435.8999938964844,413.489990234375,435.5400085449219,6654.72021484375,6552.509765625,6735.10986328125
2025-10-15,435.1499938964844,6671.06005859375,429.239990234375,435.8999938964844,413.489990234375,6644.31005859375,6654.72021484375,6552.509765625
2025-10-16,428.75,6629.06982421875,435.1499938964844,429.239990234375,435.8999938964844,6671.06005859375,6644.31005859375,6654.72021484375
2025-10-17,439.30999755859375,6664.009765625,428.75,435.1499938964844,429.239990234375,6629.06982421875,6671.06005859375,6644.31005859375
2025-10-20,447.42999267578125,6735.1298828125,439.30999755859375,428.75,435.1499938964844,6664.009765625,6629.06982421875,6671.06005859375
2025-10-21,442.6000061035156,6735.35009765625,447.42999267578125,439.30999755859375,428.75,6735.1298828125,6664.009765625,6629.06982421875
2025-10-22,438.9700012207031,6699.39990234375,442.6000061035156,447.42999267578125,439.30999755859375,6735.35009765625,6735.1298828125,6664.009765625
2025-10-23,448.9800109863281,6738.43994140625,438.9700012207031,442.6000061035156,447.42999267578125,6699.39990234375,6735.35009765625,6735.1298828125
2025-10-24,433.7200012207031,6791.68994140625,448.9800109863281,438.9700012207031,442.6000061035156,6738.43994140625,6699.39990234375,6735.35009765625
2025-10-27,452.4200134277344,6875.16015625,433.7200012207031,448.9800109863281,438.9700012207031,6791.68994140625,6738.43994140625,6699.39990234375
2025-10-28,460.54998779296875,6890.89013671875,452.4200134277344,433.7200012207031,448.9800109863281,6875.16015625,6791.68994140625,6738.43994140625
2025-10-29,461.510009765625,6890.58984375,460.54998779296875,452.4200134277344,433.7200012207031,6890.89013671875,6875.16015625,6791.68994140625
2025-10-30,440.1000061035156,6822.33984375,461.510009765625,460.54998779296875,452.4200134277344,6890.58984375,6890.89013671875,6875.16015625
2025-10-31,456.55999755859375,6840.2001953125,440.1000061035156,461.510009765625,460.54998779296875,6822.33984375,6890.58984375,6890.89013671875
2025-11-03,468.3699951171875,6851.97021484375,456.55999755859375,440.1000061035156,461.510009765625,6840.2001953125,6822.33984375,6890.58984375
2025-11-04,444.260009765625,6771.5498046875,468.3699951171875,456.55999755859375,440.1000061035156,6851.97021484375,6840.2001953125,6822.33984375
2025-11-05,462.07000732421875,6796.2900390625,444.260009765625,468.3699951171875,456.55999755859375,6771.5498046875,6851.97021484375,6840.2001953125
2025-11-06,445.9100036621094,6720.31982421875,462.07000732421875,444.260009765625,468.3699951171875,6796.2900390625,6771.5498046875,6851.97021484375
2025-11-07,429.5199890136719,6728.7998046875,445.9100036621094,462.07000732421875,444.260009765625,6720.31982421875,6796.2900390625,6771.5498046875
2025-11-10,445.2300109863281,6832.43017578125,429.5199890136719,445.9100036621094,462.07000732421875,6728.7998046875,6720.31982421875,6796.2900390625
2025-11-11,439.6199951171875,6846.60986328125,445.2300109863281,429.5199890136719,445.9100036621094,6832.43017578125,6728.7998046875,6720.31982421875
2025-11-12,430.6000061035156,6850.919921875,439.6199951171875,445.2300109863281,429.5199890136719,6846.60986328125,6832.43017578125,6728.7998046875
2025-11-13,401.989990234375,6737.490234375,430.6000061035156,439.6199951171875,445.2300109863281,6850.919921875,6846.60986328125,6832.43017578125
2025-11-14,404.3500061035156,6734.10986328125,401.989990234375,430.6000061035156,439.6199951171875,6737.490234375,6850.919921875,6846.60986328125
2025-11-17,408.9200134277344,6672.41015625,404.3500061035156,401.989990234375,430.6000061035156,6734.10986328125,6737.490234375,6850.919921875
2025-11-18,401.25,6617.31982421875,408.9200134277344,404.3500061035156,401.989990234375,6672.41015625,6734.10986328125,6737.490234375
2025-11-19,403.989990234375,6642.16015625,401.25,408.9200134277344,404.3500061035156,6617.31982421875,6672.41015625,6734.10986328125
2025-11-20,395.2300109863281,6538.759765625,403.989990234375,401.25,408.9200134277344,6642.16015625,6617.31982421875,6672.41015625
2025-11-21,391.0899963378906,6602.990234375,395.2300109863281,403.989990234375,401.25,6538.759765625,6642.16015625,6617.31982421875
2025-11-24,417.7799987792969,6705.1201171875,391.0899963378906,395.2300109863281,403.989990234375,6602.990234375,6538.759765625,6642.16015625
2025-11-25,419.3999938964844,6765.8798828125,417.7799987792969,391.0899963378906,395.2300109863281,6705.1201171875,6602.990234375,6538.759765625
2025-11-26,426.5799865722656,6812.60986328125,419.3999938964844,417.7799987792969,391.0899963378906,6765.8798828125,6705.1201171875,6602.990234375
2025-11-28,430.1700134277344,6849.08984375,426.5799865722656,419.3999938964844,417.7799987792969,6812.60986328125,6765.8798828125,6705.1201171875
2025-12-01,430.1400146484375,6812.6298828125,430.1700134277344,426.5799865722656,419.3999938964844,6849.08984375,6812.60986328125,6765.8798828125
2025-12-02,429.239990234375,6829.3701171875,430.1400146484375,430.1700134277344,426.5799865722656,6812.6298828125,6849.08984375,6812.60986328125
2025-12-03,446.739990234375,6849.72021484375,429.239990234375,430.1400146484375,430.1700134277344,6829.3701171875,6812.6298828125,6849.08984375
2025-12-04,454.5299987792969,6857.1201171875,446.739990234375,429.239990234375,430.1400146484375,6849.72021484375,6829.3701171875,6812.6298828125
2025-12-05,455.0,6870.39990234375,454.5299987792969,446.739990234375,429.239990234375,6857.1201171875,6849.72021484375,6829.3701171875
2025-12-08,439.5799865722656,6846.509765625,455.0,454.5299987792969,446.739990234375,6870.39990234375,6857.1201171875,6849.72021484375
2025-12-09,445.1700134277344,6840.509765625,439.5799865722656,455.0,454.5299987792969,6846.509765625,6870.39990234375,6857.1201171875
2025-12-10,451.45001220703125,6886.68017578125,445.1700134277344,439.5799865722656,455.0,6840.509765625,6846.509765625,6870.39990234375
2025-12-11,446.8900146484375,6901.0,451.45001220703125,445.1700134277344,439.5799865722656,6886.68017578125,6840.509765625,6846.509765625
2025-12-12,458.9599914550781,6827.41015625,446.8900146484375,451.45001220703125,445.1700134277344,6901.0,6886.68017578125,6840.509765625
2025-12-15,475.30999755859375,6816.509765625,458.9599914550781,446.8900146484375,451.45001220703125,6827.41015625,6901.0,6886.68017578125
2025-12-16,489.8800048828125,6800.259765625,475.30999755859375,458.9599914550781,446.8900146484375,6816.509765625,6827.41015625,6901.0
2025-12-17,467.260009765625,6721.43017578125,489.8800048828125,475.30999755859375,458.9599914550781,6800.259765625,6816.509765625,6827.41015625
2025-12-18,483.3699951171875,6774.759765625,467.260009765625,489.8800048828125,475.30999755859375,6721.43017578125,6800.259765625,6816.509765625
2025-12-19,481.20001220703125,6834.5,483.3699951171875,467.260009765625,489.8800048828125,6774.759765625,6721.43017578125,6800.259765625
2025-12-22,488.7300109863281,6878.490234375,481.20001220703125,483.3699951171875,467.260009765625,6834.5,6774.759765625,6721.43017578125
2025-12-23,485.55999755859375,6909.7900390625,488.7300109863281,481.20001220703125,483.3699951171875,6878.490234375,6834.5,6774.759765625
2025-12-24,485.3999938964844,6932.0498046875,485.55999755859375,488.7300109863281,481.20001220703125,6909.7900390625,6878.490234375,6834.5
2025-12-26,475.19000244140625,6929.93994140625,485.3999938964844,485.55999755859375,488.7300109863281,6932.0498046875,6909.7900390625,6878.490234375
2025-12-29,459.6400146484375,6905.740234375,475.19000244140625,485.3999938964844,485.55999755859375,6929.93994140625,6932.0498046875,6909.7900390625
2025-12-30,454.42999267578125,6896.240234375,459.6400146484375,475.19000244140625,485.3999938964844,6905.740234375,6929.93994140625,6932.0498046875
2025-12-31,449.7200012207031,6845.5,454.42999267578125,459.6400146484375,475.19000244140625,6896.240234375,6905.740234375,6929.93994140625
2026-01-02,438.07000732421875,6858.47021484375,449.7200012207031,454.42999267578125,459.6400146484375,6845.5,6896.240234375,6905.740234375
2026-01-05,451.6700134277344,6902.0498046875,438.07000732421875,449.7200012207031,454.42999267578125,6858.47021484375,6845.5,6896.240234375
2026-01-06,432.9599914550781,6944.81982421875,451.6700134277344,438.07000732421875,449.7200012207031,6902.0498046875,6858.47021484375,6845.5
2026-01-07,431.4100036621094,6920.93017578125,432.9599914550781,451.6700134277344,438.07000732421875,6944.81982421875,6902.0498046875,6858.47021484375
2026-01-08,435.79998779296875,6921.4599609375,431.4100036621094,432.9599914550781,451.6700134277344,6920.93017578125,6944.81982421875,6902.0498046875
2026-01-09,445.010009765625,6966.27978515625,435.79998779296875,431.4100036621094,432.9599914550781,6921.4599609375,6920.93017578125,6944.81982421875
2026-01-12,448.9599914550781,6977.27001953125,445.010009765625,435.79998779296875,431.4100036621094,6966.27978515625,6921.4599609375,6920.93017578125
2026-01-13,447.20001220703125,6963.740234375,448.9599914550781,445.010009765625,435.79998779296875,6977.27001953125,6966.27978515625,6921.4599609375
2026-01-14,439.20001220703125,6926.60009765625,447.20001220703125,448.9599914550781,445.010009765625,6963.740234375,6977.27001953125,6966.27978515625
2026-01-15,438.57000732421875,6944.47021484375,439.20001220703125,447.20001220703125,448.9599914550781,6926.60009765625,6963.740234375,6977.27001953125
2026-01-16,437.5,6940.009765625,438.57000732421875,439.20001220703125,447.20001220703125,6944.47021484375,6926.60009765625,6963.740234375
2026-01-20,419.25,6796.85986328125,437.5,438.57000732421875,439.20001220703125,6940.009765625,6944.47021484375,6926.60009765625
2026-01-21,431.44000244140625,6875.6201171875,419.25,437.5,438.57000732421875,6796.85986328125,6940.009765625,6944.47021484375
2026-01-22,449.3599853515625,6913.35009765625,431.44000244140625,419.25,437.5,6875.6201171875,6796.85986328125,6940.009765625
2026-01-23,449.05999755859375,6915.60986328125,449.3599853515625,431.44000244140625,419.25,6913.35009765625,6875.6201171875,6796.85986328125
2026-01-26,435.20001220703125,6950.22998046875,449.05999755859375,449.3599853515625,431.44000244140625,6915.60986328125,6913.35009765625,6875.6201171875
2026-01-27,430.8999938964844,6978.60009765625,435.20001220703125,449.05999755859375,449.3599853515625,6950.22998046875,6915.60986328125,6913.35009765625
2026-01-28,431.4599914550781,6978.02978515625,430.8999938964844,435.20001220703125,449.05999755859375,6978.60009765625,6950.22998046875,6915.60986328125
2026-01-29,416.55999755859375,6969.009765625,431.4599914550781,430.8999938964844,435.20001220703125,6978.02978515625,6978.60009765625,6950.22998046875
2026-01-30,430.4100036621094,6939.02978515625,416.55999755859375,431.4599914550781,430.8999938964844,6969.009765625,6978.02978515625,6978.60009765625
2026-02-02,421.80999755859375,6976.43994140625,430.4100036621094,416.55999755859375,431.4599914550781,6939.02978515625,6969.009765625,6978.02978515625
2026-02-03,421.9599914550781,6917.81005859375,421.80999755859375,430.4100036621094,416.55999755859375,6976.43994140625,6939.02978515625,6969.009765625
2026-02-04,406.010009765625,6882.72021484375,421.9599914550781,421.80999755859375,430.4100036621094,6917.81005859375,6976.43994140625,6939.02978515625
2026-02-05,397.2099914550781,6798.39990234375,406.010009765625,421.9599914550781,421.80999755859375,6882.72021484375,6917.81005859375,6976.43994140625
2026-02-06,411.1099853515625,6932.2998046875,397.2099914550781,406.010009765625,421.9599914550781,6798.39990234375,6882.72021484375,6917.81005859375
2026-02-09,417.32000732421875,6964.81982421875,411.1099853515625,397.2099914550781,406.010009765625,6932.2998046875,6798.39990234375,6882.72021484375
2026-02-10,425.2099914550781,6941.81005859375,417.32000732421875,411.1099853515625,397.2099914550781,6964.81982421875,6932.2998046875,6798.39990234375
2026-02-11,422.17999267578125,6936.240234375,425.2099914550781,417.32000732421875,411.1099853515625,6941.81005859375,6964.81982421875,6932.2998046875
